Artifact_ID,Diagram Relationship,Name,Artifact Type
1,,MZR.CFK.CFK_REL_CODE,MZR Column
2,,MZR.CFM.CFM_BIRTH_DATE,MZR Column
3,,MZR.CFM.CFM_NBR_DEPEND,MZR Column
4,,MZR.CFM.CFM_MARITAL_ST,MZR Column
5,,MZR.CFM.CFM_DISPLAY_NAME,MZR Column
6,,MZR.CFM.CFM_HOME_PHONE,MZR Column
7,,MZR.CFM.CFM_DELIVERY_ADDR,MZR Column
8,,MZR.CFM.CFM_OWN_RENT,MZR Column
9,,MZR.CFM.CFM_BUS_PHONE,MZR Column
10,,MZR.CFM.CFM_SEX,MZR Column
11,,MZR.CFM.CFM_SMSA_NBR,MZR Column
12,,MZR.CFM.CFM_COUNTY_CODE,MZR Column
13,,MZR.CFM.CFM_CENSUS_TRACT,MZR Column
14,,MZR.CFM.CFM_NAME_SUFFIX,MZR Column
15,,MZR.CFM.CFM_MIDDLE_NAME,MZR Column
16,,MZR.CFM.CFM_LAST_NAME,MZR Column
17,,MZR.CFM.CFM_RES_CNTRY_ABR,MZR Column
18,,MZR.CFM.CFM_CITY,MZR Column
19,,MZR.CFM.CFM_STATE,MZR Column
20,,MZR.CFM.CFM_ZIP_CODE,MZR Column
21,,MZR.CFM.CFM_CREDIT_RATING,MZR Column
22,,MZR.CFM.CFM_ NOSOL_FAX,MZR Column
23,,MZR.CFM.CFM_ NOSOL_MAIL,MZR Column
24,,MZR.CFM.CFM_ NOSOL_PHONE,MZR Column
25,,MZR.CFM.CFM_NOSOL_EMAIL,MZR Column
26,,MZR.CFM.CFM_CERT_TYPE,MZR Column
27,,MZR.CFM.CFM_ACCT_NBR,MZR Column
28,,MZR.CFMEM.CFMEM_ACCT_NBR,MZR Column
29,,MZR.COLLATERAL_MASTER_TYPE1.CM1_ASSESS_VALUE,MZR Column
30,,MZR.COLLATERAL_MASTER_TYPE1.CM1_FLOOD_ZONE,MZR Column
31,,MZR.COLLATERAL_MASTER_TYPE1.CM_CURR_VALUE_AMT,MZR Column
32,,MZR.COLLATERAL_MASTER_TYPE1.CM_UNIT_VALUE,MZR Column
33,,MZR.COLLATERAL_MASTER_TYPE1.CM_DESCRIPTION,MZR Column
34,,MZR.COLLATERAL_MASTER_TYPE1.CM1_ADDRESS_1,MZR Column
35,,MZR.COLLATERAL_MASTER_TYPE1.CM1_CITY,MZR Column
36,,MZR.COLLATERAL_MASTER_TYPE1.CM1_STATE,MZR Column
37,,MZR.COLLATERAL_MASTER_TYPE1.CM1_STATE_ABBR,MZR Column
38,,MZR.COLLATERAL_MASTER_TYPE1.CM1_ZIP,MZR Column
39,,MZR.COLLATERAL_MASTER_TYPE1.CM_NBR_UNITS,MZR Column
40,,MZR.COLLATERAL_MASTER_TYPE1.CM1_UNITS_RESID,MZR Column
41,,MZR.COLLATERAL_MASTER_TYPE1.CM1_YR_BUILT,MZR Column
42,,MZR.COLLATERAL_MASTER_TYPE1.CM1_SMSA,MZR Column
43,,MZR.COLLATERAL_MASTER_TYPE1.CM1_COUNTY,MZR Column
44,,MZR.COLLATERAL_MASTER_TYPE1.CM1_CENSUS_TRACT,MZR Column
45,,MZR.COLLATERAL_MASTER_TYPE1.CM1_SQFT,MZR Column
46,,MZR.COLLATERAL_MASTER_TYPE1.CM_SALES_PRICE,MZR Column
47,,MZR.COLLATERAL_MASTER_TYPE1.CM1_PURCH_PRICE,MZR Column
48,,MZR.COLLATERAL_MASTER_TYPE1.CM1_OWNER_OCCUP,MZR Column
49,,MZR.COLLATERAL_MASTER_TYPE1.CM1_USAGE,MZR Column
50,,MZR.COLLATERAL_MASTER_TYPE1.CM1_DT_PURCHASED,MZR Column
51,,MZR.COLLATERAL_MASTER_TYPE1.CM1_LOT_NBR,MZR Column
52,,MZR.COLLATERAL_MASTER_TYPE1.CM1_BLOCK,MZR Column
53,,MZR.COLLATERAL_MASTER_TYPE1.CM1_SECTION,MZR Column
54,,MZR.COLLATERAL_MASTER_TYPE1.CM_DT_CURR_VALUE,MZR Column
55,,MZR.COLLATERAL_MASTER_TYPE1.CM1_FLD_COMMUNITY,MZR Column
56,,MZR.COLLATERAL_MASTER_TYPE1.CM1_FLDMAP_PANEL,MZR Column
57,,MZR.COLLATERAL_MASTER_TYPE1.CM1_DT_FLOOD_MAP,MZR Column
58,,MZR.COLLATERAL_MASTER_TYPE1.CM1_FLOOD_NFIP,MZR Column
59,,MZR.COLLATERAL_MASTER_TYPE1.CM1_DT_FLOOD_DET,MZR Column
60,,MZR.COLLATERAL_MASTER_TYPE1.CM_SUB_TYPE,MZR Column
61,,MZR.COLLATERAL_MASTER_TYPE1.CM_CURR_VALUE_ID,MZR Column
62,,MZR.COLLATERAL_MASTER_TYPE1.CM1_SL_LOTNBR,MZR Column
63,,MZR.COLLATERAL_MASTER_TYPE1.CM_CURR_VALUE_TYP,MZR Column
64,,MZR.LOAN.L_APR,MZR Column
65,,MZR.LOAN.L_PHONE_NBR,MZR Column
66,,MZR.LOAN.L_DT_NEXT_ESCANAL,MZR Column
67,,MZR.LOAN.L_DUE_DATE,MZR Column
68,,MZR.LOAN.L_FIRST_DUE_DT,MZR Column
69,,MZR.LOAN.L_INTR_RATE,MZR Column
70,,MZR.LOAN.L_ACCT_NBR,MZR Column
71,,MZR.LOAN.L_MAT_DATE,MZR Column
72,,MZR.LOAN.L_ESCANAL_METH,MZR Column
73,,MZR.LOAN.L_CRA_NBR,MZR Column
74,,MZR.LOAN.L_COMM_LOAN_AMT,MZR Column
75,,MZR.LOAN.L_MAX_RT_DWN_PER,MZR Column
76,,MZR.LOAN.L_MAX_RT_UP_PER,MZR Column
77,,MZR.LOAN.L_PMTCHG_FREQ,MZR Column
78,,MZR.LOAN.L_RATE_CHG_FREQ,MZR Column
79,,MZR.LOAN.L_ORIGAPRS_PCT,MZR Column
80,,MZR.LOAN.L_MIN_RATE,MZR Column
81,,MZR.LOAN.L_PMI_SPEC_FLAG,MZR Column
82,,MZR.LOAN.L_RISK_SCORE,MZR Column
83,,MZR.LOAN.L_VAR_RATE_CODE,MZR Column
84,,MZR.LOAN.L_OCCUPANCY_CD,MZR Column
85,,MZR.LOAN.L_RESIDENCE_CD,MZR Column
86,,MZR.LOAN.L_NOTE_DATE,MZR Column
87,,MZR.LOAN.L_FHLB_CODE,MZR Column
88,,MZR.LOAN.L_PRIME_VAR,MZR Column
89,,MZR.LOAN.L_ORIG_IDX,MZR Column
90,,MZR.LOAN.L_IDX_NBR,MZR Column
91,,MZR.LOAN.L_ORIG_ESC_BAL,MZR Column
92,,MZR.LOAN.L_VAR_RND_CODE,MZR Column
93,,MZR.LOAN.L_RATE_CHG_INC,MZR Column
94,,MZR.LOAN.L_ESC_AMT,MZR Column
95,,MZR.LOAN.L_MIN_RT_CHG_PER,MZR Column
96,,MZR.LOAN.L_PROP_TYPE,MZR Column
97,,MZR.LOAN.L_PURP_CODE,MZR Column
98,,MZR.LOAN.L_CRED_SCORE_DT,MZR Column
99,,MZR.LOAN.L_CRED_SCORE,MZR Column
100,,MZR.LOAN.L_ORIG_BR,MZR Column
101,,MZR.PROPERTY_INS.PI_PROP_NBR,MZR Column
102,,MZR.PROPERTY_INS.PI_ACCT_NBR,MZR Column
103,,MZR.PROPERTY_INS.PI_PREM_FREQ,MZR Column
104,,MZR.PROPERTY_INS.PI_COVERAGE_AMT,MZR Column
105,,MZR.PROPERTY_INS.PI_POL_NBR,MZR Column
106,,MZR.PROPERTY_INS.PI_INS_CO,MZR Column
107,,MZR.PROPERTY_INS.PI_PREM_AMT,MZR Column
108,,MZR.PROPERTY_INS.PI_DISB_CODE,MZR Column
109,,MZR.PROPERTY_INS.PI_TERM_DT,MZR Column
110,,MZR.PROPERTY_INS.PI_PREM_DUE,MZR Column
111,,MZR.PROPERTY_TAX.PT_ACCT_NBR,MZR Column
112,,MZR.PROPERTY_TAX.PT_FREQ,MZR Column
113,,MZR.PROPERTY_TAX.PT_TAX_ID,MZR Column
114,,MZR.PROPERTY_TAX.PT_AMT,MZR Column
115,,MZR.PROPERTY_TAX.PT_LOT_NBR,MZR Column
116,,MZR.PROPERTY_TAX.PT_BLOCK_NBR,MZR Column
117,,MZR.PROPERTY_TAX.PT_LEGAL,MZR Column
118,,MZR.PROPERTY_TAX.PT_PAYEE,MZR Column
119,,MZR.PROPERTY_TAX.PT_DISB_CODE,MZR Column
120,,MZR.PROPERTY_TAX.PT_AUTOPOST,MZR Column
121,,MZR.PROPERTY_TAX.PT_DUEDT,MZR Column
122,,MZR.LOAN.ACCOUNT NUMBER,MZR Column
123,,MZR.LOAN.BORROWER'S ACCOUNT NUMBER,MZR Column
124,,MZR.GLHIST.DESCRIPTION,MZR Column
125,,MZR.ESCROW_ANALYSIS.EA_ACCT_NBR,MZR Column
126,,MZR.ESCROW_ANALYSIS.EA_ADJ_ESC_BAL,MZR Column
127,,MZR.ESCROW_ANALYSIS.EA_BEG_ESC_BAL,MZR Column
128,,MZR.ESCROW_ANALYSIS.EA_DT_EFFECTIVE,MZR Column
129,,MZR.ESCROW_ANALYSIS.EA_DT_ESC_HIST,MZR Column
130,,MZR.ESCROW_ANALYSIS.EA_ESC_PMT_AMT,MZR Column
131,,MZR.ESCROW_ANALYSIS.EA_MONTH{1},MZR Column
132,,MZR.ESCROW_ANALYSIS.EA_MONTHLY_PMT{1},MZR Column
133,,MZR.ESCROW_ANALYSIS.EA_MONTHLY_PMT{10},MZR Column
134,,MZR.ESCROW_ANALYSIS.EA_MONTHLY_PMT{11},MZR Column
135,,MZR.ESCROW_ANALYSIS.EA_MONTHLY_PMT{12},MZR Column
136,,MZR.ESCROW_ANALYSIS.EA_MONTHLY_PMT{2},MZR Column
137,,MZR.ESCROW_ANALYSIS.EA_MONTHLY_PMT{3},MZR Column
138,,MZR.ESCROW_ANALYSIS.EA_MONTHLY_PMT{4},MZR Column
139,,MZR.ESCROW_ANALYSIS.EA_MONTHLY_PMT{5},MZR Column
140,,MZR.ESCROW_ANALYSIS.EA_MONTHLY_PMT{6},MZR Column
141,,MZR.ESCROW_ANALYSIS.EA_MONTHLY_PMT{7},MZR Column
142,,MZR.ESCROW_ANALYSIS.EA_MONTHLY_PMT{8},MZR Column
143,,MZR.ESCROW_ANALYSIS.EA_MONTHLY_PMT{9},MZR Column
144,,MZR.ESCROW_ANALYSIS.EA_PMT_CUSHION,MZR Column
145,,MZR.EA_TRAILER.EAT_ACCT_NBR,MZR Column
146,,MZR.EA_TRAILER.EAT_DISB_AMT,MZR Column
147,,MZR.EA_TRAILER.EAT_DISB_FREQ,MZR Column
148,,MZR.EA_TRAILER.EAT_DISB_RSN,MZR Column
149,,MZR.EA_TRAILER.EAT_DT_DISB,MZR Column
150,,MZR.EA_TRAILER.EAT_DT_EFFECTIVE,MZR Column
151,,MZR.EA_TRAILER.EAT_RUNNING_BAL,MZR Column
152,,MZR.IN_HISTORY.EFFECTIVE DATE,MZR Column
153,,MZR.ESCROW_INTEREST.ES_INT_FREQ,MZR Column
154,,MZR.ESCROW_INTEREST.ES_INT_IDX,MZR Column
155,,MZR.EA_TRAILER.NEGATIVE EAT_RUNNING_BAL INDICATOR,MZR Column
156,,MZR.LOAN.PRIME VARIANCE SIGN,MZR Column
157,,MZR.IN_HISTORY.TRANSACTION AMOUNT,MZR Column
158,1,MZR.CFK,MZR Table
159,2 3 4 5 6 7 8 9 10 11 12 13 14 15 16 17 18 19 20 21 22 23 24 25 26 27,MZR.CFM,MZR Table
160,28,MZR.CFMEM,MZR Table
161,29 30 31 32 33 34 35 36 37 38 39 40 41 42 43 44 45 46 47 48 49 50 51 52 53 54 55 56 57 58 59 60 61 62 63,MZR.COLLATERAL_MASTER_TYPE1,MZR Table
162,145 146 147 148 149 150 151 155,MZR.EA_TRAILER,MZR Table
163,125 126 127 128 129 130 131 132 133 134 135 136 137 138 139 140 141 142 143 144,MZR.ESCROW_ANALYSIS,MZR Table
164,153 154,MZR.ESCROW_INTEREST,MZR Table
165,124,MZR.GLHIST,MZR Table
166,152 157,MZR.IN_HISTORY,MZR Table
167,64 65 66 67 68 69 70 71 72 73 74 75 76 77 78 79 80 81 82 83 84 85 86 87 88 89 90 91 92 93 94 95 96 97 98 99 100 122 123 156,MZR.LOAN,MZR Table
168,101 102 103 104 105 106 107 108 109 110,MZR.PROPERTY_INS,MZR Table
169,111 112 113 114 115 116 117 118 119 120 121,MZR.PROPERTY_TAX,MZR Table
